relName,className,prevsloc,currsloc,addedsloc,deletedsloc,changedsloc,totalChangedsloc,NA,NAIMP,NM,NMIMP,NumPara,SLOC,stms,AID,CLD,DIT,DP,DPA,DPD,NMA,NMI,NMO,NOA,NOC,NOD,NOP,SIX,SP,SPA,SPD,CAMC,Co,DCd,DCi,ICH,LCC,LCOM1,LCOM2,LCOM3,LCOM4,LCOM5,NHD,NewCo,NewLCOM5,OCC,PCC,SNHD,TCC,ACAIC,ACMIC,AMMIC,CBI,CBO,DAC,DCAEC,DCMEC,DMMEC,FCAEC,FCMEC,FMMEC,ICP,IFCAIC,IFCMIC,IFMMIC,IHICP,MPC,NIHICP,OCAEC,OCAIC,OCMEC,OCMIC,OMMEC,OMMIC,RFC,bug
main/java/org/apache/maven/plugin/javadoc/AbstractJavadocMojo.java,org.apache.maven.plugin.javadoc.AbstractJavadocMojo,1469,1469,0,0,0,0,84,84,57,57,105,1469,810,1,2,1,8,0,8,57,0,0,1,2,3,1,0.0,1,0,1,0.064327485380117,0.0253246753246753,undefined,undefined,479,undefined,1562,1528,41,1,0.99468537414966,0.893535923141186,0.0595238095238095,0.022765246449457,0.589285714285714,0.196428571428571,-0.596560846560845,undefined,0,0,0,28190.464067988,2,55,0,0,5,0,0,0,2,0,0,0,0,2,2,0,55,0,127,2,2,59,21
main/java/org/apache/maven/plugin/javadoc/JavadocJar.java,org.apache.maven.plugin.javadoc.JavadocJar,78,78,0,0,0,0,89,5,15,2,5,78,39,2,0,2,0,0,0,2,13,0,2,0,0,1,0.0,0,0,0,0.5,1.0,1,1,3,1,1,1,2,1,1,0,1.0,0.5,1.0,0.0,0,1,0,0,1,0.0,0,4,0,0,0,0,0,0,9,0,0,0,9,1,0,0,4,0,6,2,0,61,0
main/java/org/apache/maven/plugin/javadoc/JavadocReport.java,org.apache.maven.plugin.javadoc.JavadocReport,102,102,0,0,0,0,89,5,23,10,8,102,46,2,1,2,5,0,5,10,13,0,2,1,1,1,0.0,1,1,0,0.133333333333333,-0.0555555555555556,0.2,0.333333333333333,12,0.333333333333333,43,41,8,5,0.955555555555555,0.755555555555556,0.155555555555556,0.14,0.555555555555556,0.33333333333333304,1,0.2,0,0,4,413.10847917340203,0,5,0,0,0,0,0,0,14,0,0,0,14,4,0,0,5,0,13,18,0,69,0
main/java/org/apache/maven/plugin/javadoc/OfflineLink.java,org.apache.maven.plugin.javadoc.OfflineLink,21,21,0,0,0,0,2,2,4,4,2,21,11,0,0,0,0,0,0,4,0,0,0,0,0,0,0.0,0,0,0,0.5,-0.33333333333333304,0.333333333333333,0.333333333333333,0,0.333333333333333,4,2,2,2,0.666666666666667,0.333333333333333,0.33333333333333304,0.5,0.33333333333333304,0.33333333333333304,0,0.333333333333333,0,0,0,0.0,0,2,0,0,0,0,0,0,0,0,0,0,0,0,0,0,2,0,4,2,0,4,0
