relName,className,prevsloc,currsloc,addedsloc,deletedsloc,changedsloc,totalChangedsloc,NA,NAIMP,NM,NMIMP,NumPara,SLOC,stms,AID,CLD,DIT,DP,DPA,DPD,NMA,NMI,NMO,NOA,NOC,NOD,NOP,SIX,SP,SPA,SPD,CAMC,Co,DCd,DCi,ICH,LCC,LCOM1,LCOM2,LCOM3,LCOM4,LCOM5,NHD,NewCo,NewLCOM5,OCC,PCC,SNHD,TCC,ACAIC,ACMIC,AMMIC,CBI,CBO,DAC,DCAEC,DCMEC,DMMEC,FCAEC,FCMEC,FMMEC,ICP,IFCAIC,IFCMIC,IFMMIC,IHICP,MPC,NIHICP,OCAEC,OCAIC,OCMEC,OCMIC,OMMEC,OMMIC,RFC,bug
main/java/org/apache/felix/fileinstall/ConfigurationKey.java,org.apache.felix.fileinstall.ConfigurationKey,57,57,0,0,0,0,2,2,3,3,3,56,31,0,0,0,0,0,0,3,0,0,0,0,0,0,0,0,0,0,0.333333333333333,1.0,1.0,1.0,0,1.0,0,0,1,1,0,0.333333333333333,1.0,1,1.0,1.0,0,1.0,0,0,0,0,0,2,0,0,0,0,0,0,0,0,0,0,0,0,0,0,2,0,2,2,0,3,0
main/java/org/apache/felix/fileinstall/DirectoryWatcher.java,org.apache.felix.fileinstall.DirectoryWatcher,516,516,0,0,0,0,15,15,25,25,40,516,287,1,0,1,0,0,0,25,0,0,1,0,0,1,0,0,0,0,0.0975,0.152173913043478,0.307692307692308,0.395604395604396,93,0.395604395604396,256,212,12,2,0.927777777777778,0.822083333333333,0.22,0.109333333333333,0.791666666666667,0.708333333333333,-0.910569105691058,0.307692307692308,0,0,0,0,3,11,0,0,0,0,0,0,36,0,0,0,0,26,36,1,11,0,48,29,26,34,2
main/java/org/apache/felix/fileinstall/FileInstall.java,org.apache.felix.fileinstall.FileInstall,85,85,0,0,0,0,4,4,7,7,9,85,53,0,0,0,0,0,0,7,0,0,0,0,0,0,0,0,0,0,0.257142857142857,0.2,0.6,0.6,20,0.6,14,7,3,1,0.75,0.580952380952381,0.42857142857142894,0.357142857142857,0.666666666666667,0.5,-0.666666666666668,0.6,0,0,0,0,2,4,0,0,0,0,0,0,12,0,0,0,0,4,12,0,4,0,10,0,4,13,0
main/java/org/apache/felix/fileinstall/Jar.java,org.apache.felix.fileinstall.Jar,60,60,0,0,0,0,4,4,11,11,6,59,34,0,0,0,0,0,0,11,0,0,0,0,0,0,0,0,0,0,0.109090909090909,0.222222222222222,0.19444444444444395,0.19444444444444395,2,0.19444444444444395,36,17,2,1,0.75,0.789090909090909,0.363636363636364,0.318181818181818,1.0,0.6,0,0.19444444444444395,0,0,0,0,0,1,0,0,0,0,0,0,0,0,0,0,0,0,0,0,1,3,3,24,0,11,1
main/java/org/apache/felix/fileinstall/util/Util.java,org.apache.felix.fileinstall.util.Util,51,51,0,0,0,0,2,2,1,1,4,51,29,0,0,0,0,0,0,1,0,0,0,0,0,0,0,0,0,0,1,1.0,1.0,1.0,0,1.0,0,0,1,1,0,1,1.0,1,0.0,0.0,1,1.0,0,0,0,0,0,2,0,0,0,0,0,0,0,0,0,0,0,0,0,0,2,0,5,2,0,1,0
